Workbook

Sheet Overview
A1: MASLD Diagnostic Gap Literature Review — Source Pool Overview
A2: Updated after reviewing Annee’s RefWorks folder and adding the helpful method/documentation sources from the search guide.
A4: Metric | B4: Formula / Value | C4: Interpretation | E4: Bucket | F4: Meaning | G4: Support Count | H4: Status
A5: Total entries | B5: =COUNTA('Source Decisions'!$A$5:$A$27) -> 23 | C5: All rows including Keep, Maybe, and Toss | E5: A | F5: ICD diagnostic gap / undercoding | G5: =SUMIFS('Source Decisions'!$N$5:$N$27,'Source Decisions'!$F$5:$F$27,"Keep") -> 4 | H5: =IF(G5>=5,"Strong",IF(G5>=3,"Adequate","Needs more")) -> Adequate
A6: Keep | B6: =COUNTIF('Source Decisions'!$F$5:$F$27,"Keep") -> 19 | C6: Primary extraction pool | E6: B | F6: FLI / HSI computable steatosis phenotype | G6: =SUMIFS('Source Decisions'!$O$5:$O$27,'Source Decisions'!$F$5:$F$27,"Keep") -> 5 | H6: =IF(G6>=4,"Strong",IF(G6>=3,"Adequate","Needs more")) -> Strong
A7: Maybe | B7: =COUNTIF('Source Decisions'!$F$5:$F$27,"Maybe") -> 3 | C7: Secondary / optional sources | E7: C | F7: FIB-4 hidden fibrosis risk | G7: =SUMIFS('Source Decisions'!$P$5:$P$27,'Source Decisions'!$F$5:$F$27,"Keep") -> 5 | H7: =IF(G7>=4,"Strong",IF(G7>=3,"Adequate","Needs more")) -> Strong
A8: Toss | B8: =COUNTIF('Source Decisions'!$F$5:$F$27,"Toss") -> 1 | C8: Do not extract | E8: D | F8: SDOH, access, and missed diagnosis | G8: =SUMIFS('Source Decisions'!$Q$5:$Q$27,'Source Decisions'!$F$5:$F$27,"Keep") -> 3 | H8: =IF(G8>=3,"Strong",IF(G8>=2,"Adequate","Needs more")) -> Strong
A9: Keep + Maybe | B9: =COUNTIF('Source Decisions'!$F$5:$F$27,"Keep")+COUNTIF('Source Decisions'!$F$5:$F$27,"Maybe") -> 22 | C9: Usable working pool | E9: E | F9: All of Us / OMOP feasibility | G9: =SUMIFS('Source Decisions'!$R$5:$R$27,'Source Decisions'!$F$5:$F$27,"Keep") -> 5 | H9: =IF(G9>=2,"Strong","Needs more") -> Strong
A10: Guide target | B10: 18–25 total sources | C10: This pool now fits the Ready-to-Write target
A12: Recommended next step: extract the 19 Keep sources first. Use the 3 Maybe sources only if the writing needs broader context, All of Us program background, or terminology.

Sheet Source Decisions
A1: Annee MASLD Diagnostic Gap Literature Review — Source Decisions
A2: Cleaned working pool: Guerrero is marked Toss; key method/documentation sources from the guide are added; Keep sources are prioritized for extraction.
N3: Support Flags for Summary Formulas
A4: ID | B4: Source | C4: Year | D4: Primary Bucket | E4: Secondary Buckets | F4: Decision | G4: Extraction Priority | H4: Use in Review | I4: Dataset/Setting | J4: Why It Matters | K4: Mentor Note | L4: DOI/URL | M4: Support Codes | N4: A flag | O4: B flag | P4: C flag | Q4: D flag | R4: E flag
A5: 1 | B5: Adejumo et al., 2019 — Prevalence, trends, outcomes, and disparities in hospitalizations for nonalcoholic fatty liver disease in the United States | C5: 2019 | D5: D | F5: Maybe | G5: Optional / secondary | H5: SDOH/disparities/outcomes | I5: U.S. hospitalizations | J5: Useful for disparities and outcomes, but less directly about missed diagnosis, screening, referral, or coding. | K5: Hold as a secondary disparities/outcomes citation if the writing needs broader context. | L5: https://doi.org/10.20524/aog.2019.0402 | M5: D | N5: 0 | O5: 0 | P5: 0 | Q5: 1 | R5: 0
A6: 2 | B6: Alexander et al., 2018 — Real-world data reveal a diagnostic gap in non-alcoholic fatty liver disease | C6: 2018 | D6: A | F6: Keep | G6: Core extraction | H6: ICD diagnostic gap / undercoding | I6: Primary care / real-world databases | J6: Core diagnostic-gap source showing recorded NAFLD prevalence was much lower than expected in real-world data. | K6: Use as an anchor source for underdiagnosis/under-recording. | L6: https://doi.org/10.1186/s12916-018-1103-x | M6: A | N6: 1 | O6: 0 | P6: 0 | Q6: 0 | R6: 0
A7: 3 | B7: Behari et al., 2024 — Limitations of Noninvasive Tests-Based Population-Level Risk Stratification Strategy for Nonalcoholic Fatty Liver Disease | C7: 2024 | D7: B | E7: C; E | F7: Keep | G7: Core extraction | H7: FLI/HSI phenotype; FIB-4 risk; EHR feasibility limits | I7: EHR-based population-level risk stratification | J7: Tests HSI, FIB-4, and NFS in a population-level EHR strategy and highlights missing EHR data as a practical limitation. | K7: High-value bridge source for biomarker indices and EHR feasibility. | L7: https://doi.org/10.1007/s10620-023-08186-8 | M7: B;C;E | N7: 0 | O7: 1 | P7: 1 | Q7: 0 | R7: 1
A8: 4 | B8: Chen et al., 2023 — Validation of NAFLD-related steatosis indices in MAFLD and comparison of diagnostic accuracy between NAFLD and MAFLD | C8: 2023 | D8: B | F8: Keep | G8: Core extraction | H8: FLI/HSI computable steatosis phenotype | I8: NHANES / cross-sectional survey | J8: Supports validation and comparison of NAFLD-related steatosis indices, including HSI and FLI. | K8: Use in methods justification for computable steatosis phenotypes. | L8: https://doi.org/10.1097/MEG.0000000000002497 | M8: B | N8: 0 | O8: 1 | P8: 0 | Q8: 0 | R8: 0
A9: 5 | B9: Genomic data in the All of Us Research Program, 2024 | C9: 2024 | D9: E | F9: Maybe | G9: Optional / secondary | H9: All of Us background | I9: All of Us Research Program | J9: Useful for All of Us scale, diversity, and program background, but not the best source for OMOP/EHR/measurement-table methods. | K9: Use only if the paper needs a brief All of Us program overview. | L9: https://doi.org/10.1038/s41586-023-06957-x | M9: E | N9: 0 | O9: 0 | P9: 0 | Q9: 0 | R9: 1
A10: 6 | B10: Guerrero et al., 2026 — Burden and Health System Challenges in MASLD Across East and Southeast Asia: A Narrative Review | C10: 2026 | D10: Background | F10: Toss | G10: Do not extract | H10: Global burden / narrative background | I10: Narrative review; East and Southeast Asia | J10: Too broad and geographically indirect for a U.S. All of Us EHR diagnostic-gap study. | K10: Remove from core pool unless a later global-burden sentence needs it. | L10: https://doi.org/10.1002/hsr2.72304 | M10: Background | N10: 0 | O10: 0 | P10: 0 | Q10: 0 | R10: 0
A11: 7 | B11: Hayward et al., 2021 — Detecting NAFLD and risk factors in health databases: accuracy and limitations of the ICD-10-AM | C11: 2021 | D11: A | F11: Keep | G11: Core extraction | H11: ICD diagnostic gap / coding limitations | I11: Health databases / EHR | J11: Supports the limitations of ICD-based NAFLD detection in health databases. | K11: Use with Alexander and Rodriguez for the coding/diagnostic-gap section. | L11: https://doi.org/10.1136/bmjgast-2020-000572 | M11: A | N11: 1 | O11: 0 | P11: 0 | Q11: 0 | R11: 0
A12: 8 | B12: Kim et al., 2024 — Screening for social determinants of health among populations at risk for MASLD: a scoping review | C12: 2024 | D12: D | F12: Keep | G12: Core extraction | H12: SDOH/access/missed recognition | I12: Scoping review | J12: Directly supports the rationale for including SDOH among populations with or at risk for MASLD. | K12: Better fit for RQ3 than broad disparities/outcomes papers. | L12: https://doi.org/10.3389/fpubh.2024.1332870 | M12: D | N12: 0 | O12: 0 | P12: 0 | Q12: 1 | R12: 0
A13: 9 | B13: Kjaergaard et al., 2023 — Using the ELF test, FIB-4 and NAFLD fibrosis score to screen the population for liver disease | C13: 2023 | D13: C | F13: Keep | G13: Core extraction | H13: FIB-4 hidden fibrosis risk | I13: Population screening study | J13: Strong population-screening source supporting FIB-4 as a first-pass fibrosis-risk tool. | K13: Use in the FIB-4 rationale and limitations section. | L13: https://doi.org/10.1016/j.jhep.2023.04.002 | M13: C | N13: 0 | O13: 0 | P13: 1 | Q13: 0 | R13: 0
A14: 10 | B14: Lee et al., 2010 — Hepatic steatosis index: a simple screening tool reflecting nonalcoholic fatty liver disease | C14: 2010 | D14: B | F14: Keep | G14: Core extraction | H14: HSI foundational source | I14: Index development / validation | J14: Foundational HSI source; useful when defining the HSI formula and threshold logic. | K14: Use as the primary citation for HSI definition. | L14: https://doi.org/10.1016/j.dld.2009.08.002 | M14: B | N14: 0 | O14: 1 | P14: 0 | Q14: 0 | R14: 0
A15: 11 | B15: Rodriguez et al., 2025 — Discrepancy in MASLD Prevalence in a Large Northern California Cohort | C15: 2025 | D15: A | F15: Keep | G15: Core extraction | H15: MASLD diagnostic discrepancy | I15: Large Northern California clinical cohort / EHR | J15: Modern MASLD-focused diagnostic-discrepancy source in a large clinical cohort. | K15: Use as the current terminology counterpart to older NAFLD diagnostic-gap sources. | L15: https://doi.org/10.1016/j.gastha.2025.100630 | M15: A | N15: 1 | O15: 0 | P15: 0 | Q15: 0 | R15: 0
A16: 12 | B16: Said et al., 2013 — Primary care practitioners survey of non-alcoholic fatty liver disease | C16: 2013 | D16: D | F16: Keep | G16: Core extraction | H16: Recognition gap / provider awareness | I16: Primary care practitioner survey | J16: Supports the idea that provider awareness and screening behavior may contribute to missed recognition. | K16: Use carefully as recognition/context evidence, not as a direct EHR undercoding study. | L16: https://pubmed.ncbi.nlm.nih.gov/24018493/ | M16: D | N16: 0 | O16: 0 | P16: 0 | Q16: 1 | R16: 0
A17: 13 | B17: Schneider et al., 2023 — Large-scale identification of undiagnosed hepatic steatosis using natural language processing | C17: 2023 | D17: A | E17: Methods | F17: Keep | G17: Core extraction | H17: Undiagnosed steatosis / EHR methods | I17: Large-scale EHR / NLP | J17: Excellent evidence that hidden steatosis can be identified in EHR data beyond diagnosis codes. | K17: Use as a methods-adjacent diagnostic-gap source. | L17: https://doi.org/10.1016/j.eclinm.2023.102149 | M17: A;Methods | N17: 1 | O17: 0 | P17: 0 | Q17: 0 | R17: 0
A18: 14 | B18: Schreiner et al., 2022 — The Association of Fibrosis-4 Index Scores with Severe Liver Outcomes in Primary Care | C18: 2022 | D18: C | F18: Keep | G18: Core extraction | H18: FIB-4 severe liver outcome risk | I18: Primary care cohort | J18: Shows FIB-4 risk categories are associated with severe liver outcomes in primary care. | K18: Use to justify FIB-4 risk stratification among uncoded participants. | L18: https://doi.org/10.1007/s11606-021-07341-z | M18: C | N18: 0 | O18: 0 | P18: 1 | Q18: 0 | R18: 0
A19: 15 | B19: Shaik & Rotman, 2025 — Poor Sensitivity of the Fatty Liver Index Among Lean Individuals | C19: 2025 | D19: B | F19: Keep | G19: Core extraction | H19: FLI limitation source | I19: Steatosis-index performance / limitation | J19: Important limitation source showing that FLI may perform poorly among lean individuals. | K19: Use to avoid overclaiming the accuracy of FLI across all body types. | L19: https://doi.org/10.14309/ajg.0000000000003883 | M19: B | N19: 0 | O19: 1 | P19: 0 | Q19: 0 | R19: 0
A20: 16 | B20: Tincopa et al., 2025 — Disparities in screening and risk stratification for Hispanic adults with MASLD | C20: 2025 | D20: D | E20: C | F20: Keep | G20: Core extraction | H20: Disparities in screening/risk stratification | I20: MASLD screening/risk stratification cohort | J20: Strong source connecting disparities with screening and risk stratification, with relevance to FIB-4/NIT interpretation. | K20: Use in both RQ3 and the FIB-4/NIT limitation discussion. | L20: https://doi.org/10.1097/HEP.0000000000001121 | M20: D;C | N20: 0 | O20: 0 | P20: 1 | Q20: 1 | R20: 0
A21: 17 | B21: All of Us: Understanding OMOP Basics | C21: 2026 | D21: E | F21: Keep | G21: Core extraction | H21: All of Us / OMOP feasibility | I21: All of Us documentation | J21: Directly supports the claim that All of Us uses OMOP to standardize research data structure. | K21: Use in the methods/data-source section. | L21: https://support.researchallofus.org/hc/en-us/articles/360039585391-Understanding-OMOP-Basics | M21: E | N21: 0 | O21: 0 | P21: 0 | Q21: 0 | R21: 1
A22: 18 | B22: All of Us: Data Types and Organization | C22: 2026 | D22: E | F22: Keep | G22: Core extraction | H22: All of Us data organization | I22: All of Us documentation | J22: Explains relevant data types such as surveys, physical measurements, EHR data, conditions, measurements, visits, and observations. | K22: Use to justify feasibility of condition-code, measurement, and SDOH-variable extraction. | L22: https://support.researchallofus.org/hc/en-us/articles/4619151535508-Data-Types-and-Organization | M22: E | N22: 0 | O22: 0 | P22: 0 | Q22: 0 | R22: 1
A23: 19 | B23: OHDSI OMOP Common Data Model Documentation | C23: 2026 | D23: E | F23: Keep | G23: Core extraction | H23: OMOP table structure / CDM reference | I23: OHDSI OMOP CDM documentation | J23: Provides broader OMOP CDM documentation for condition, measurement, observation, visit, and related tables. | K23: Use as a general OMOP methods citation or reference point. | L23: https://www.ohdsi.org/web/wiki/doku.php?id=documentation:cdm:single-page | M23: E | N23: 0 | O23: 0 | P23: 0 | Q23: 0 | R23: 1
A24: 20 | B24: All of Us: Introduction to All of Us Electronic Health Record (EHR) Collection and Data Transformation Methods | C24: 2026 | D24: E | F24: Keep | G24: Core extraction | H24: EHR collection and transformation methods | I24: All of Us documentation | J24: Directly supports how EHR data are collected, transformed, and represented for analysis in the All of Us CDR. | K24: Use with OMOP Basics and Data Types to support the methods/data-source section. | L24: https://support.researchallofus.org/hc/en-us/articles/30125602539284-Introduction-to-All-of-Us-Electronic-Health-Record-EHR-Collection-and-Data-Transformation-Methods | M24: E | N24: 0 | O24: 0 | P24: 0 | Q24: 0 | R24: 1
A25: 21 | B25: Bedogni et al., 2006 — The Fatty Liver Index: a simple and accurate predictor of hepatic steatosis in the general population | C25: 2006 | D25: B | E25: Methods | F25: Keep | G25: Core extraction | H25: FLI foundational source | I25: General population / index development | J25: Original FLI source; necessary when defining the FLI formula, variables, and threshold logic. | K25: Use as the primary citation for FLI definition. | L25: https://pmc.ncbi.nlm.nih.gov/articles/PMC1636651/ | M25: B;Methods | N25: 0 | O25: 1 | P25: 0 | Q25: 0 | R25: 0
A26: 22 | B26: AASLD Practice Guidance on the clinical assessment and management of NAFLD | C26: 2023 | D26: C | E26: Methods | F26: Keep | G26: Core extraction | H26: Non-invasive testing and fibrosis-risk context | I26: Practice guidance | J26: Authoritative clinical context for non-invasive testing and FIB-4 risk stratification. | K26: Use to frame FIB-4 categories and avoid overstating what screening indices can prove. | L26: https://pmc.ncbi.nlm.nih.gov/articles/PMC10735173/ | M26: C;Methods | N26: 0 | O26: 0 | P26: 1 | Q26: 0 | R26: 0
A27: 23 | B27: AASLD: New MASLD Nomenclature | C27: 2023 | D27: Background | E27: Terminology | F27: Maybe | G27: Optional / terminology | H27: MASLD terminology note | I27: Professional society terminology page | J27: Useful for one brief terminology sentence explaining the shift from NAFLD to MASLD. | K27: Use sparingly; do not let nomenclature become a major literature-review section. | L27: https://www.aasld.org/new-masld-nomenclature | M27: Background;Terminology | N27: 0 | O27: 0 | P27: 0 | Q27: 0 | R27: 0

Sheet Bucket Summary
A1: Bucket Coverage Summary
A3: Bucket | B3: Purpose | C3: Guide Target | D3: Keep Support Count | E3: Maybe Support Count | F3: Total Support Count | G3: Coverage Note
A4: A | B4: ICD diagnostic gap / undercoding | C4: 5–7 final; at least 5 strong by Ready-to-Write | D4: =SUMIFS('Source Decisions'!$N$5:$N$27,'Source Decisions'!$F$5:$F$27,"Keep") -> 4 | E4: =SUMIFS('Source Decisions'!$N$5:$N$27,'Source Decisions'!$F$5:$F$27,"Maybe") -> 0 | F4: =D4+E4 -> 4 | G4: =IF(D4>=5,"Strong core coverage","Adequate for extraction; consider one more diagnostic-gap/ICD source before final write-up") -> Adequate for extraction; consider one more diagnostic-gap/ICD source before final write-up
A5: B | B5: FLI / HSI computable steatosis phenotype | C5: 4–5 final | D5: =SUMIFS('Source Decisions'!$O$5:$O$27,'Source Decisions'!$F$5:$F$27,"Keep") -> 5 | E5: =SUMIFS('Source Decisions'!$O$5:$O$27,'Source Decisions'!$F$5:$F$27,"Maybe") -> 0 | F5: =D5+E5 -> 5 | G5: =IF(D5>=4,"Strong core coverage","Needs one more FLI/HSI source") -> Strong core coverage
A6: C | B6: FIB-4 hidden fibrosis risk | C6: 4–5 final | D6: =SUMIFS('Source Decisions'!$P$5:$P$27,'Source Decisions'!$F$5:$F$27,"Keep") -> 5 | E6: =SUMIFS('Source Decisions'!$P$5:$P$27,'Source Decisions'!$F$5:$F$27,"Maybe") -> 0 | F6: =D6+E6 -> 5 | G6: =IF(D6>=4,"Strong with secondary supports included","Consider extracting Behari/Tincopa under C as secondary supports") -> Strong with secondary supports included
A7: D | B7: SDOH, access, and missed diagnosis | C7: 3–5 final | D7: =SUMIFS('Source Decisions'!$Q$5:$Q$27,'Source Decisions'!$F$5:$F$27,"Keep") -> 3 | E7: =SUMIFS('Source Decisions'!$Q$5:$Q$27,'Source Decisions'!$F$5:$F$27,"Maybe") -> 1 | F7: =D7+E7 -> 4 | G7: =IF(D7>=3,"Strong core coverage","Needs one more SDOH/access source") -> Strong core coverage
A8: E | B8: All of Us / OMOP feasibility | C8: 2–4 final | D8: =SUMIFS('Source Decisions'!$R$5:$R$27,'Source Decisions'!$F$5:$F$27,"Keep") -> 5 | E8: =SUMIFS('Source Decisions'!$R$5:$R$27,'Source Decisions'!$F$5:$F$27,"Maybe") -> 1 | F8: =D8+E8 -> 6 | G8: =IF(D8>=3,"Strong methods coverage","Adequate if at least 2 direct All of Us/OMOP sources remain") -> Strong methods coverage
A9: Background / Terminology | B9: Brief context only | C9: Use sparingly | D9: =COUNTIFS('Source Decisions'!$F$5:$F$27,"Keep",'Source Decisions'!$D$5:$D$27,"Background") -> 0 | E9: =COUNTIFS('Source Decisions'!$F$5:$F$27,"Maybe",'Source Decisions'!$D$5:$D$27,"Background") -> 1 | F9: =D9+E9 -> 1 | G9: ="Optional context; do not expand unless the introduction needs it" -> Optional context; do not expand unless the introduction needs it

Sheet Extraction Template
A1: Extraction Template — Complete for Keep Sources First
A3: Source ID | B3: Citation | C3: Primary Bucket | D3: Decision | E3: Dataset / Setting | F3: Sample Size | G3: Code-Based Definition | H3: Biomarker / Index Method | I3: Gap Metric | J3: SDOH / Access Variables | K3: Main Relevant Finding | L3: Limitations | M3: Use in Paper | N3: Extraction Status
A4: 2 | B4: Alexander et al., 2018 — Real-world data reveal a diagnostic gap in non-alcoholic fatty liver disease | C4: A | D4: Keep | E4: Primary care / real-world databases | M4: ICD diagnostic gap / undercoding | N4: Not started
A5: 3 | B5: Behari et al., 2024 — Limitations of Noninvasive Tests-Based Population-Level Risk Stratification Strategy for Nonalcoholic Fatty Liver Disease | C5: B | D5: Keep | E5: EHR-based population-level risk stratification | M5: FLI/HSI phenotype; FIB-4 risk; EHR feasibility limits | N5: Not started
A6: 4 | B6: Chen et al., 2023 — Validation of NAFLD-related steatosis indices in MAFLD and comparison of diagnostic accuracy between NAFLD and MAFLD | C6: B | D6: Keep | E6: NHANES / cross-sectional survey | M6: FLI/HSI computable steatosis phenotype | N6: Not started
A7: 7 | B7: Hayward et al., 2021 — Detecting NAFLD and risk factors in health databases: accuracy and limitations of the ICD-10-AM | C7: A | D7: Keep | E7: Health databases / EHR | M7: ICD diagnostic gap / coding limitations | N7: Not started
A8: 8 | B8: Kim et al., 2024 — Screening for social determinants of health among populations at risk for MASLD: a scoping review | C8: D | D8: Keep | E8: Scoping review | M8: SDOH/access/missed recognition | N8: Not started
A9: 9 | B9: Kjaergaard et al., 2023 — Using the ELF test, FIB-4 and NAFLD fibrosis score to screen the population for liver disease | C9: C | D9: Keep | E9: Population screening study | M9: FIB-4 hidden fibrosis risk | N9: Not started
A10: 10 | B10: Lee et al., 2010 — Hepatic steatosis index: a simple screening tool reflecting nonalcoholic fatty liver disease | C10: B | D10: Keep | E10: Index development / validation | M10: HSI foundational source | N10: Not started
A11: 11 | B11: Rodriguez et al., 2025 — Discrepancy in MASLD Prevalence in a Large Northern California Cohort | C11: A | D11: Keep | E11: Large Northern California clinical cohort / EHR | M11: MASLD diagnostic discrepancy | N11: Not started
A12: 12 | B12: Said et al., 2013 — Primary care practitioners survey of non-alcoholic fatty liver disease | C12: D | D12: Keep | E12: Primary care practitioner survey | M12: Recognition gap / provider awareness | N12: Not started
A13: 13 | B13: Schneider et al., 2023 — Large-scale identification of undiagnosed hepatic steatosis using natural language processing | C13: A | D13: Keep | E13: Large-scale EHR / NLP | M13: Undiagnosed steatosis / EHR methods | N13: Not started
A14: 14 | B14: Schreiner et al., 2022 — The Association of Fibrosis-4 Index Scores with Severe Liver Outcomes in Primary Care | C14: C | D14: Keep | E14: Primary care cohort | M14: FIB-4 severe liver outcome risk | N14: Not started
A15: 15 | B15: Shaik & Rotman, 2025 — Poor Sensitivity of the Fatty Liver Index Among Lean Individuals | C15: B | D15: Keep | E15: Steatosis-index performance / limitation | M15: FLI limitation source | N15: Not started
... A22: 22 | B22: AASLD Practice Guidance on the clinical assessment and management of NAFLD | C22: C | D22: Keep | E22: Practice guidance | M22: Non-invasive testing and fibrosis-risk context | N22: Not started
